Date,Celebrity Name,Distance (Miles),Departure Port,Arrival Port,Gallons (Fuel),Pounds (Fuel),Cost of Fuel,CO2 emissions (aprx.Tons)
2022-09-01,Floyd Mayweather,101,HNL,OGG,193,1294,173,2
2022-08-31,Tom Cruise,111,ASE,APA,143,962,946,2
2022-08-31,Puma/Jay-Z,740,TEB,PDK,746,4998,4914,8
2022-08-31,Tom Cruise,1795,OPF,OPF,1155,7739,7609,12
2022-08-31,Mark Wahlberg,236,LAX,LAS,364,2439,2398,4
2022-08-31,Mark Wahlberg,2175,YYZ,LAX,2169,14537,14294,23
2022-08-31,Tom Cruise,21,FXE,OPF,48,323,318,0.51
2022-08-31,Floyd Mayweather,2556,LAX,HNL,2581,17296,16903,27
2022-08-31,Dan Bilzerian,223,BUR,LAS,346,2316,2263,4
2022-08-30,Dan Bilzerian,223,LAS,BUR,424,2838,2774,4
2022-08-30,Floyd Mayweather,1246,DAL,LAX,1377,9226,9016,15
2022-08-30,Travis Scott,577,SLC,VNY,690,4623,4518,7
2022-08-29,Blake Shelton,1250,11TX,VNY,1385,9281,9070,15
2022-08-29,Jack Nicklaus,24,HPN,TEB,113,758,740,1
2022-08-29,Floyd Mayweather,239,HOU,DAL,376,2520,2463,4
2022-08-29,Travis Scott,577,VNY,SLC,608,4075,3983,6
2022-08-29,Mark Wahlberg,204,PTK,YYZ,312,2094,2047,3
2022-08-29,Jack Nicklaus,165,TAR,NAP,267,1789,1749,3
2022-08-29,A-Rod,799,BNA,OPF,803,5381,5259,8
2022-08-29,A-Rod,757,TEB,BNA,758,5078,4963,8
2022-08-28,A-Rod,75,FOK,TEB,222,1485,1451,2
2022-08-28,Harrison Ford,748,BAF,TYS,440,2947,2880,5
2022-08-28,Harrison Ford,2521,HHR,BAF,1268,8499,8306,13
2022-08-28,Kenny Chesney,1790,CPX,BNA,1292,8657,8461,14
2022-08-28,Floyd Mayweather,1235,LAS,HOU,1205,8075,7892,13
2022-08-28,Tiger Wood,605,RDU,SUA,653,4376,4276,7
2022-08-28,Taylor Swift,266,BNA,ALN,257,1720,1681,3
2022-08-28,Jack Nicklaus,415,OLB,TAR,421,2825,2761,4
2022-08-28,Blake Shelton,126,OKC,TE68,192,1284,1255,2
2022-08-28,Blake Shelton,1859,CCG4,OKC,1795,12032,11760,19
2022-08-28,Tom Cruise,608,TOC,FXE,574,3850,3763,6
2022-08-27,Tom Cruise,139,TRI,TOC,121,809,791,1
2022-08-27,Blake Shelton,1854,PNX,CCS5,1653,11077,10826,17
2022-08-27,Mark Wahlberg,372,SYR,PTK,449,3008,2940,5
2022-08-27,Tiger Wood,217,CHS,RDU,320,2144,2096,3
2022-08-26,Mark Wahlberg,2346,VNY,SYR,1930,12937,12624,20
2022-08-26,Tiger Wood,394,SUA,CHS,484,3241,3163,5
2022-08-26,A-Rod,1119,OPF,FOK,1216,8150,7953,13
2022-08-26,Jack Nicklaus,250,NAP,OLB,347,2328,2272,4
2022-08-26,Jack Nicklaus,4339,HVN,NAP,3595,24091,23509,38
2022-08-26,Floyd Mayweather,2171,OPF,LAS,2189,14674,14341,23
2022-08-25,Jack Nicklaus,68,TEB,HVN,207,1386,1355,2
2022-08-25,Kenny Chesney,906,BNA,PVD,661,4430,4329,7
2022-08-25,Kylie Jenner,494,KCMA,TUS,657,4405,4305,7
2022-08-24,Drake,1568,YYZ,PLS,5626,37708,36908,59
2022-08-23,Tom Cruise,73,LEE,TPA,24,163,160,0.26
2022-08-23,Tom Cruise,472,CHA,LEE,111,741,726,1
2022-08-23,Tom Cruise,73,TPA,LEE,31,211,206,0.33
2022-08-23,Drake,38,YHM,YYZ,388,2598,2543,4
2022-08-23,Puma/Jay-Z,12,EWR,TEB,109,733,717,1
2022-08-22,Dan Bilzerian,263,SDM,LAS,398,2665,2609,4
2022-08-22,Dan Bilzerian,2,TIJ,SDM,95,639,625,1
2022-08-22,Dan Bilzerian,265,LAS,TIJ,461,3091,3026,5
2022-08-20,Tom Cruise,15,K0A9,TRI,40,266,260,0.42
2022-08-20,Tom Cruise,608,FXE,TOC,394,2641,2585,4
2022-08-20,Tom Cruise,834,ESN,TPA,214,1436,1405,2
2022-08-20,Floyd Mayweather,854,MEM,OPF,892,5980,5853,9
2022-08-20,Floyd Mayweather,854,OPF,MEM,931,6239,6107,10
2022-08-19,Kenny Chesney,476,BNA,DET,408,2732,2674,4
2022-08-19,Kenny Chesney,167,CMH,DET,194,1303,1280,2
2022-08-19,Steven Spielberg,184,MVY,TEB,403,2699,2650,4
2022-08-18,Puma/Jay-Z,3346,MDE,LAX,2913,19522,19166,31
2022-08-17,Kenny Chesney,849,EYW,BNA,682,4573,4489,7
2022-08-17,Harrison Ford,783,HHR,JAC,435,2913,2860,5
2022-08-17,Kenny Chesney,849,BNA,NQX,640,4287,4209,7
2022-08-17,Floyd Mayweather,8,VNY,BUR,130,873,859,1
2022-08-17,Puma/Jay-Z,12,EOH,MDE,87,586,577,0.92
2022-08-17,Floyd Mayweather,229,LAS,VNY,324,2169,2136,3
2022-08-15,Floyd Mayweather,258,SAN,LAS,446,2989,2944,5
2022-08-15,Floyd Mayweather,258,LAS,SAN,352,2360,2324,4
2022-08-14,Puma/Jay-Z,229,LAS,VNY,298,1994,1964,3
2022-08-14,A-Rod,765,BNA,JFK,854,5721,5634,9
2022-08-13,Kenny Chesney,527,BNA,MRB,402,2693,2652,4
2022-08-13,Puma/Jay-Z,255,PHX,LAS,312,2094,2062,3
2022-08-12,Tom Cruise,608,FXE,TOC,412,2761,2727,4
2022-08-12,Blake Shelton,48,11TX,ADM,108,722,713,1
2022-08-12,A-Rod,484,DBQ,BNA,521,3490,3458,5
2022-08-11,Kenny Chesney,849,NQX,BNA,683,4574,4532,7
2022-08-11,Puma/Jay-Z,507,SLC,PHX,503,3368,3337,5
2022-08-11,Kylie Jenner,182,FLL,NAS,251,1680,1665,3
2022-08-11,Kenny Chesney,849,BNA,EYW,595,3987,3950,6
2022-08-11,Puma/Jay-Z,1972,TEB,SLC,1882,12616,12518,20
2022-08-10,Blake Shelton,45,ADM,PNX,94,631,626,0.99
2022-08-10,Kenny Chesney,587,BWI,BNA,546,3658,3629,6
2022-08-10,Blake Shelton,1227,VNY,ADM,1351,9056,8986,14
2022-08-10,Kenny Chesney,587,BNA,BWI,507,3398,3371,5
2022-08-10,Harrison Ford,743,HHR,IDA,460,3083,3059,5
2022-08-10,A-Rod,1282,OPF,DBQ,1264,8472,8406,13
2022-08-10,Kylie Jenner,1124,FOK,GHC,998,6690,6668,11
2022-08-09,Floyd Mayweather,223,BUR,LAS,302,2021,2015,3
2022-08-09,Floyd Mayweather,223,LAS,BUR,336,2255,2247,4
2022-08-09,Travis Scott,1817,EWR,LAX,2390,16018,15989,25
2022-08-09,Blake Shelton,1227,ADM,VNY,1317,8828,8812,14
2022-08-08,Kylie Jenner,159,MYX4,OPF,242,1623,1620,3
2022-08-08,Blake Shelton,48,11TX,ADM,101,674,673,1
2022-08-07,Kenny Chesney,694,STP,BNA,552,3702,3696,6
2022-08-07,Floyd Mayweather,1145,MKC,LAS,1136,7616,7602,12
2022-08-07,Tom Cruise,1430,BGR,FXE,883,5919,5908,9
2022-08-06,Tom Cruise,2692,KIR,BGR,1701,11397,11377,18
2022-08-06,Blake Shelton,1251,VNY,ADM,1241,8315,8313,13
2022-08-05,Dan Bilzerian,1105,FLL,AUS,1097,7354,7341,12
2022-08-04,Steven Spielberg,2456,TEB,VNY,2365,15850,15821,25
2022-08-03,Kylie Jenner,625,LIN,LTN,707,4738,4750,7
2022-08-03,Tom Cruise,44,SNN,KIR,64,428,429,0.67
2022-08-02,Kylie Jenner,6053,VNY,LIN,4737,31751,31978,50
2022-08-02,Floyd Mayweather,2249,HPN,LAS,2271,15221,15330,24
2022-08-02,A-Rod,1090,TEB,OPF,1122,7523,7554,12
2022-08-01,A-Rod,75,FOK,TEB,228,1526,1532,2
2022-08-01,Kylie Jenner,35,KCMA,VNY,106,711,714,1
2022-07-31,Tom Cruise,1018,CHS,BGR,597,4003,4019,6
2022-07-31,Dan Bilzerian,1090,LAS,AUS,1142,7656,7688,12
2022-07-31,Tom Cruise,462,FXE,CHS,328,2201,2210,3
2022-07-31,Steven Spielberg,75,FOK,TEB,241,1618,1625,3
2022-07-31,Kenny Chesney,2790,APA,CPX,1872,12545,12598,20
2022-07-31,A-Rod,2211,COE,FOK,2067,13851,13909,22
2022-07-31,Floyd Mayweather,120,ACY,HPN,319,2140,2149,3
2022-07-30,Taylor Swift,825,ALB,BNA,752,5040,5061,8
2022-07-29,Floyd Mayweather,120,HPN,ACY,241,1617,1627,3
2022-07-29,Puma/Jay-Z,12,EWR,TEB,139,932,937,1
2022-07-29,Taylor Swift,2457,BUR,ALB,1630,10922,10984,17
2022-07-29,Floyd Mayweather,2249,LAS,HPN,1955,13104,13178,21
2022-07-29,Kenny Chesney,385,UTH,APA,301,2019,2027,3
2022-07-29,Puma/Jay-Z,2378,MDE,EWR,2115,14178,14237,22
2022-07-28,Puma/Jay-Z,2389,TEB,MDE,2089,14000,14058,22
2022-07-28,Taylor Swift,2207,BUF,BUR,1844,12362,12413,19
2022-07-28,Taylor Swift,633,BNA,BUF,532,3566,3581,6
2022-07-28,Floyd Mayweather,367,SLC,LAS,422,2827,2838,4
2022-07-28,Steven Spielberg,210,NHT,RTM,317,2126,2134,3
2022-07-28,Floyd Mayweather,367,LAS,SLC,458,3068,3080,5
2022-07-28,Floyd Mayweather,226,VNY,HSH,333,2235,2247,4
2022-07-27,Floyd Mayweather,229,LAS,VNY,346,2317,2330,4
2022-07-27,Floyd Mayweather,229,VNY,LAS,353,2365,2392,4
2022-07-27,Floyd Mayweather,229,LAS,VNY,300,2009,2032,3
2022-07-26,Kenny Chesney,559,MRY,BOI,439,2941,2975,5
2022-07-25,Kenny Chesney,225,KCMA,MRY,210,1406,1425,2
2022-07-25,Blake Shelton,1251,VNY,TE68,1280,8581,8693,14
2022-07-25,A-Rod,2011,RME,COE,2010,13468,13645,21
2022-07-25,Steven Spielberg,84,SNN,NOC,235,1573,1594,2
2022-07-24,Blake Shelton,222,MSP,TNU,347,2326,2356,4
2022-07-23,Blake Shelton,1528,VNY,MSP,1427,9565,9691,15
2022-07-23,A-Rod,2382,VNY,RME,2107,14119,14304,22
2022-07-23,Taylor Swift,1790,BUR,BNA,1325,8879,8996,14
2022-07-22,Tom Cruise,711,K0A9,FXE,478,3200,3242,5
2022-07-22,Drake,38,YYZ,YHM,402,2694,2729,4
2022-07-22,Drake,4131,NCE,YYZ,14667,98300,99590,155
2022-07-22,Blake Shelton,190,FAT,VNY,285,1911,1939,3
2022-07-22,Floyd Mayweather,229,VNY,LAS,326,2188,2220,3
2022-07-21,Blake Shelton,190,VNY,FAT,269,1806,18332,3
2022-07-21,Steven Spielberg,84,NOC,SNN,153,1027,1042,2
2022-07-21,Taylor Swift,1790,BNA,BUR,1299,8708,8836,14
2022-07-21,Steven Spielberg,3015,FOK,NOC,2548,17074,17324,27
2022-07-21,Kenny Chesney,468,RDD,KCMA,385,2582,2619,4
2022-07-21,Kenny Chesney,265,RDM,RDD,262,1757,1783,3
2022-07-21,Tiger Wood,125,BCN,PMI,298,1999,2028,3
2022-07-20,Oprah Winfrey,101,OGG,HNL,189,1266,1288,2
2022-07-20,Kenny Chesney,557,PVU,RDM,476,3187,3243,5
2022-07-20,Oprah Winfrey,2412,SBA,OGG,2351,15753,16031,25
2022-07-19,Kenny Chesney,557,RDM,PVU,459,3077,3132,5
2022-07-19,Steven Spielberg,75,TEB,FOK,204,1367,1391,2
2022-07-19,Kenny Chesney,701,KCMA,RDM,556,3725,3790,6
2022-07-19,Blake Shelton,1250,11TX,VNY,1277,8562,8712,13
2022-07-19,Steven Spielberg,184,MVY,TEB,404,2707,2754,4
2022-07-19,Floyd Mayweather,229,LAS,VNY,315,2108,2145,3
2022-07-18,Drake,309,NCE,BCN,1520,10190,10384,16
2022-07-18,Drake,171,BCN,IBZ,1031,6910,7042,11
2022-07-18,Blake Shelton,127,OKC,TE68,197,1321,1346,2
2022-07-18,Blake Shelton,1097,YQR,OKC,1079,7229,7367,11
2022-07-18,Puma/Jay-Z,2484,EUG,TEB,2167,14526,14804,23
2022-07-17,Steven Spielberg,184,TEB,MA44,312,2090,2130,3
2022-07-17,Puma/Jay-Z,234,SEA,EUG,353,2365,2411,4
2022-07-17,Steven Spielberg,75,FOK,TEB,217,1456,1484,2
2022-07-17,Kenny Chesney,934,BFI,KCMA,741,4964,5059,8
2022-07-17,Puma/Jay-Z,227,DUS,NUE,299,2004,2046,3
2022-07-17,Blake Shelton,412,YYC,YQR,447,2994,3056,5
2022-07-15,Oprah Winfrey,1869,BNA,SBA,1726,11567,11822,18
2022-07-14,Blake Shelton,1251,VNY,11TX,1253,8396,8631,13
2022-07-13,Oprah Winfrey,462,BNA,NEW,495,3320,3413,5
2022-07-13,Drake,3934,YYZ,ARN,12144,81392,83675,128
2022-07-13,Drake,38,YHM,YYZ,519,3477,3590,5
2022-07-12,Dan Bilzerian,2480,BGR,LAS,2689,18021,18607,28
2022-07-12,Kim Kardashian,2487,KCMA,TEB,2182,14623,15098,23
2022-07-12,Dan Bilzerian,3630,NCE,BGR,3766,25243,26102,40
2022-07-12,A-Rod,2232,TEB,LAS,2297,15394,15918,24
2022-07-11,Steven Spielberg,2531,FOK,VNY,2438,16339,16895,26
2022-07-11,Puma/Jay-Z,1733,MDW,BFI,1656,11100,11477,17
2022-07-11,Blake Shelton,1252,TE68,VNY,1271,8519,8809,13
2022-07-10,Taylor Swift,867,GON,BNA,722,4836,5001,8
2022-07-10,A-Rod,21,JFK,TEB,224,1499,1550,2
2022-07-10,Taylor Swift,1104,PIE,GON,843,5651,5843,9
2022-07-10,Kenny Chesney,163,BZN,IDA,189,1264,1307,2
2022-07-10,Taylor Swift,612,BNA,PIE,491,3293,3405,5
2022-07-09,A-Rod,1082,OPF,JFK,1133,7597,7855,12
2022-07-09,Tiger Wood,352,SNN,ADX,435,2917,3016,5
2022-07-08,Kenny Chesney,1318,BNA,BZN,1114,7469,7745,12
2022-07-08,Puma/Jay-Z,1746,VNY,MDW,1452,9731,10091,15
2022-07-08,Floyd Mayweather,229,VNY,LAS,320,2147,2230,3
2022-07-07,Mark Wahlberg,2144,COE,TEB,1878,12589,13073,20
2022-07-07,Kim Kardashian,35,VNY,KCMA,91,612,636,1
2022-07-07,Kim Kardashian,5656,LBG,VNY,5326,35692,37066,56
2022-07-06,Taylor Swift,867,GON,BNA,816,5470,5689,9
2022-07-06,Puma/Jay-Z,741,EGE,VNY,734,4916,5113,8
2022-07-06,Taylor Swift,867,BNA,GON,684,4585,4768,7
2022-07-06,Puma/Jay-Z,1733,BLM,EGE,1643,11015,11455,17
2022-07-06,A-Rod,599,OPF,PDK,716,4800,4992,8
2022-07-06,Puma/Jay-Z,53,FRG,BLM,116,780,811,1
2022-07-06,Floyd Mayweather,229,LAS,VNY,331,2220,2308,3
2022-07-05,Travis Scott,2451,EWR,VNY,2450,16421,17053,26
2022-07-05,Kim Kardashian,3574,FOK,LBG,3193,21397,22221,34
2022-07-05,Jack Nicklaus,1809,CO03,FOK,1517,10167,10559,16
2022-07-04,Kim Kardashian,2562,KCMA,FOK,2345,15716,16321,25
2022-07-04,Travis Scott,81,FOK,EWR,227,1525,1583,2
2022-07-04,Tom Cruise,2168,LAS,FXE,1341,8988,9334,14
2022-07-04,Kim Kardashian,167,SDM,KCMA,277,1860,1931,3
2022-07-03,Kim Kardashian,2830,PLS,SDM,2640,17693,18374,28
2022-07-03,Travis Scott,1119,OPF,FOK,1150,7708,8005,12
2022-07-03,Kenny Chesney,481,MKC,BNA,353,364,2455,4
2022-07-03,Tiger Wood,1132,ARN,SNN,1004,6730,6989,11
2022-07-02,Taylor Swift,867,GON,BNA,840,5631,5848,9
2022-07-02,Mark Wahlberg,940,VNY,COE,891,5972,6202,9
2022-07-02,Taylor Swift,1002,SUS,GON,700,4689,4870,7
2022-07-02,Taylor Swift,280,BNA,SUS,307,2055,2135,3
2022-07-02,Taylor Swift,5443,BUR,STN,3787,25381,26358,40
2022-07-02,Mark Wahlberg,19,LAX,VNY,83,558,579,1
2022-07-02,Mark Wahlberg,5440,LTN,LAX,5111,34253,35520,54
2022-07-01,Blake Shelton,61,DAL,TE68,133,889,922,1
2022-07-01,Tiger Wood,35,SUA,PBI,109,731,758,1
2022-07-01,Blake Shelton,3,11TX,DAL,172,1151,1193,2
2022-07-01,Blake Shelton,61,DAL,TE68,160,1069,1109,2
2022-07-01,Steven Spielberg,3584,RTM,FOK,3406,22829,23674,36
2022-07-01,Kenny Chesney,197,XNA,MKC,208,1391,1441,2
2022-07-01,Floyd Mayweather,223,BUR,LAS,341,2285,2366,4
2022-06-30,Kenny Chesney,426,BNA,XNA,360,2416,2501,4
2022-06-30,Harrison Ford,830,KDIJ,ICT,387,2596,2689,4
2022-06-30,Tom Cruise,2168,FXE,LAS,1325,8878,9193,14
2022-06-30,Oprah Winfrey,205,PDK,BNA,312,2093,2167,3
2022-06-30,Harrison Ford,781,HHR,KDIJ,418,2799,2898,4
2022-06-30,Kenny Chesney,327,JAN,BNA,255,1710,1773,3
2022-06-30,Kenny Chesney,738,BTL,JAN,546,3658,3794,6
2022-06-29,Kim Kardashian,63,MYG,PLS,149,998,1035,2
2022-06-29,Steven Spielberg,28,AMS,RTM,145,975,1011,2
2022-06-29,Steven Spielberg,3589,FOK,AMS,3048,20427,21183,32
2022-06-28,Tom Cruise,34,PBI,FXE,65,435,451,1
2022-06-28,Tom Cruise,1216,LWM,PBI,833,5580,5786,9
2022-06-28,Drake,38,YYZ,YHM,426,2855,2961,4
2022-06-28,Drake,1226,OPF,YYZ,4297,28799,29779,45
2022-06-27,Tom Cruise,199,TEB,LWM,220,1472,1522,2
2022-06-27,Tom Cruise,1616,SJU,TEB,1239,8301,8583,13
2022-06-27,Tom Cruise,1054,BCT,SJU,641,4295,4441,7
2022-06-27,Mark Wahlberg,236,LTN,LBG,437,2930,3029,5
2022-06-26,Tom Cruise,2166,LAS,BCT,1345,9016,9323,14
2022-06-26,Puma/Jay-Z,168,BOS,FRG,292,1959,2026,3
2022-06-26,Tiger Wood,28,SAN,CLD,113,757,782,1
2022-06-25,Puma/Jay-Z,1067,DAL,LAS,995,6668,6894,11
2022-06-25,A-Rod,381,BGR,TEB,505,3387,3503,5
2022-06-24,Floyd Mayweather,223,LAS,BUR,350,2345,2424,4
2022-06-24,Floyd Mayweather,223,LAS,LAS,85,569,588,1
2022-06-24,Floyd Mayweather,229,VNY,LAS,292,1956,2023,3
2022-06-24,Steven Spielberg,288,IAD,FOK,426,2857,2959,5
2022-06-24,Taylor Swift,1790,BUR,BNA,1289,8639,8946,14
2022-06-23,Puma/Jay-Z,1403,FRG,DAL,1384,9276,9606,15
2022-06-23,Steven Spielberg,288,FOK,IAD,452,3029,3136,5
2022-06-22,Tom Cruise,608,FXE,TOC,410,2747,2828,4
2022-06-20,Tiger Wood,126,VNY,SAN,244,1634,1672,3
2022-06-20,Taylor Swift,612,BNA,PIE,476,3187,3262,5
2022-06-20,A-Rod,108,IBZ,VLC,273,1833,1876,3
2022-06-20,A-Rod,449,NCE,IBZ,608,4075,4171,6
2022-06-20,Puma/Jay-Z,1061,FRG,BCT,950,6367,6517,10
2022-06-20,Tom Cruise,1696,APA,FXE,1025,6870,7032,11
2022-06-20,Puma/Jay-Z,779,ATL,FRG,843,5647,5780,9
2022-06-19,Puma/Jay-Z,534,IAD,ATL,512,3429,3510,5
2022-06-19,Kenny Chesney,433,BNA,BTL,365,2445,2503,4
2022-06-19,Kenny Chesney,675,PHL,BNA,522,3496,3578,6
2022-06-19,Puma/Jay-Z,534,ATL,IAD,598,4011,4106,6
2022-06-18,Oprah Winfrey,101,HNL,OGG,176,1178,1206,2
2022-06-18,Drake,8,MIA,OPF,329,2207,2262,3
2022-06-18,Drake,1233,YYZ,MIA,4980,33379,34215,53
2022-06-17,Drake,38,YHM,YYZ,481,3223,3304,5
2022-06-17,Puma/Jay-Z,534,IAD,ATL,593,3971,4071,6
2022-06-17,Floyd Mayweather,229,LAS,VNY,348,2336,2394,4
2022-06-17,Puma/Jay-Z,223,TEB,IAD,367,2457,2518,4
2022-06-17,Tom Cruise,300,FXE,APA,1047,7019,7194,11
2022-06-17,Puma/Jay-Z,35,FRG,TEB,304,2035,2086,3
2022-06-17,Floyd Mayweather,229,VNY,LAS,321,2149,2194,3
2022-06-17,Kenny Chesney,145,MNZ,PHL,223,1492,1523,2
2022-06-17,Kenny Chesney,145,ORF,MNZ,196,1313,1340,2
2022-06-16,Oprah Winfrey,101,OGG,HNL,185,1238,1264,2
2022-06-16,Oprah Winfrey,2845,PHX,OGG,2739,18354,18731,29
2022-06-16,Dan Bilzerian,3693,DUB,DWC,3944,26433,26977,42
2022-06-16,Steven Spielberg,2531,FOK,VNY,2537,17004,17354,27
2022-06-16,Oprah Winfrey,1592,PDK,PHX,1586,10631,10850,17
2022-06-16,Taylor Swift,943,BNA,ELH,702,4706,4803,7
2022-06-16,Steven Spielberg,75,TEB,FOK,199,1332,1359,2
2022-06-16,Floyd Mayweather,229,LAS,VNY,325,2177,2219,3
2022-06-14,Taylor Swift,738,MMU,BNA,628,4207,4256,7
2022-06-14,Dan Bilzerian,3691,5MN7,DUB,3537,23705,23980,37
2022-06-13,Dan Bilzerian,1300,LAS,MN18,1215,8144,8226,13
2022-06-13,Jack Nicklaus,114,BAF,TEB,240,1611,1628,3
2022-06-13,Puma/Jay-Z,413,IAD,BOS,468,3136,3168,5
2022-06-13,Taylor Swift,612,PIE,BNA,535,3583,3619,6
2022-06-13,Kenny Chesney,462,PIT,BNA,378,2535,2560,4
2022-06-13,Taylor Swift,612,BNA,PIE,487,3262,3295,5
2022-06-13,Floyd Mayweather,2119,SYR,LAS,2283,15301,15456,24
2022-06-12,Puma/Jay-Z,545,PBI,ATL,586,3930,3970,6
2022-06-12,Taylor Swift,738,MMU,BNA,598,4009,4049,6
2022-06-11,Floyd Mayweather,188,TEB,SYR,269,1806,1824,3
2022-06-10,Taylor Swift,738,BNA,MMU,564,3778,3817,6
2022-06-10,Kenny Chesney,75,AKC,PIT,118,792,800,1
2022-06-10,Tom Cruise,901,FXE,ESN,210,1406,1420,2
2022-06-10,Kenny Chesney,35,BKL,AKC,78,525,531,1
2022-06-09,Oprah Winfrey,101,HNL,OGG,211,1413,1427,2
2022-06-09,Floyd Mayweather,2232,LAS,TEB,1961,13145,13278,21
2022-06-09,Taylor Swift,1790,BUR,BNA,1198,8030,8076,13
2022-06-09,Kenny Chesney,243,IUA,BKL,248,1663,1672,3
2022-06-09,Puma/Jay-Z,1197,BED,PBI,1263,8465,8513,13
2022-06-08,Puma/Jay-Z,182,TEB,BED,297,1992,2003,3
2022-06-08,Puma/Jay-Z,2122,GND,TEB,2151,14417,14499,23
2022-06-08,Harrison Ford,1945,HHR,TYS,974,6531,6568,10
2022-06-08,Kenny Chesney,684,BNA,IUA,506,3390,3410,5
2022-06-08,Floyd Mayweather,2174,MIA,LAS,2174,14569,14651,23
2022-06-08,Floyd Mayweather,460,GCM,MIA,839,5620,5618,9
2022-06-07,Puma/Jay-Z,1197,PBI,BOS,1118,7491,7489,12
2022-06-07,Puma/Jay-Z,2335,VNY,PBI,1921,12874,12870,20
2022-06-06,Floyd Mayweather,613,PLS,TC-0001,27,182,182,0
2022-06-04,Mark Wahlberg,229,LAS,VNY,337,2259,2258,4
2022-06-04,Mark Wahlberg,229,VNY,LAS,280,1878,1877,3
2022-06-04,Taylor Swift,612,TPA,BNA,461,3093,3092,5
2022-06-03,Blake Shelton,61,DAL,DAL,351,2354,2354,4
2022-06-03,Puma/Jay-Z,2122,GND,TEB,2134,14304,14299,23
2022-06-03,Floyd Mayweather,913,IAD,OPF,1058,7094,7092,11
2022-06-03,Kenny Chesney,26,ADS,KGKY,136,909,908,1
2022-06-03,Kenny Chesney,214,DWH,ADS,234,1570,1570,2
2022-06-03,Magic Johnson,320,SFO,VNY,482,3233,3232,5
2022-06-03,Mark Wahlberg,5110,SNN,VNY,4823,32324,32314,51
2022-06-03,Taylor Swift,738,BNA,MMU,601,4031,4030,6
2022-06-02,Puma/Jay-Z,2122,TEB,GND,1885,12633,12629,20
2022-06-02,Floyd Mayweather,913,OPF,IAD,986,6608,6606,10
2022-06-02,Magic Johnson,320,VNY,SFO,497,3333,3332,5
2022-06-02,Kenny Chesney,662,BNA,DWH,607,4065,4064,6
2022-06-02,Puma/Jay-Z,35,FRG,TEB,300,2014,2013,3
2022-06-02,Kim Kardashian,167,SDM,KCMA,300,2009,2008,3
2022-06-02,Kim Kardashian,5459,STN,SDM,5104,34209,34198,54
2022-06-02,Magic Johnson,1218,SAT,VNY,1630,10924,10921,17
2022-06-01,Drake,1411,COS,BQK,5375,36021,36010,57
2022-06-01,Magic Johnson,1218,VNY,SAT,1363,9136,9133,14
2022-06-01,Mark Wahlberg,121,DUB,SNN,192,1287,1286,2
2022-06-01,Mark Wahlberg,270,LTN,DUB,401,2690,2689,4
2022-06-01,Taylor Swift,612,TPA,BNA,514,3448,3447,5
2022-06-01,Taylor Swift,612,BNA,TPA,476,3189,3188,5
2022-06-01,Drake,1411,BQK,COS,5626,37702,37747,59
2022-06-01,A-Rod,1494,MSP,OPF,1478,9902,9914,16
2022-05-31,Puma/Jay-Z,35,TEB,FRG,169,1131,1132,2
2022-05-31,A-Rod,1494,OPF,MSP,1548,10373,10385,16
2022-05-31,Floyd Mayweather,2171,LAS,OPF,1902,12745,12760,20
2022-05-30,Steven Spielberg,2456,VNY,TEB,2121,14217,14234,22
2022-05-30,Dan Bilzerian,1090,AUS,LAS,1236,8282,8292,13
2022-05-30,Kim Kardashian,5465,KCMA,STN,4826,32341,32380,51
2022-05-30,Taylor Swift,3490,MMU,STI,2441,16361,16356,26
2022-05-29,Taylor Swift,738,BNA,MMU,638,4274,4273,7
2022-05-28,Floyd Mayweather,229,VNY,LAS,323,2168,2167,3
2022-05-28,Floyd Mayweather,229,LAS,VNY,334,2241,2240,4
2022-05-28,Dan Bilzerian,1090,LAS,AUS,1016,6809,6827,11
2022-05-28,Magic Johnson,229,LAS,VNY,417,2796,2803,4
2022-05-27,Magic Johnson,229,VNY,LAS,436,2925,2932,5
2022-05-27,Kim Kardashian,44,LAX,KCMA,115,771,773,1
2022-05-27,Kim Kardashian,6066,LIN,LAX,5906,39583,39689,62
2022-05-27,Taylor Swift,280,SUS,BNA,259,1733,1738,3
2022-05-27,Taylor Swift,280,BNA,SUS,308,2066,2072,3
2022-05-27,Mark Wahlberg,668,NCE,LTN,817,5477,5491,9
2022-05-27,Kenny Chesney,103,HSV,BNA,151,1011,1012,2
2022-05-26,Kenny Chesney,103,BNA,HSV,127,851,852,1
2022-05-26,Puma/Jay-Z,720,TEB,SAV,733,4916,4922,8
2022-05-26,Kim Kardashian,6072,KCMA,LIN,5261,35257,35299,56
2022-05-26,Puma/Jay-Z,35,FRG,TEB,270,1812,1815,3
2022-05-26,Floyd Mayweather,2232,TEB,LAS,2171,14551,14568,23
2022-05-26,Kenny Chesney,439,CHS,BNA,357,2396,2402,4
2022-05-26,Magic Johnson,2286,IAD,VNY,2669,17890,17937,28
2022-05-26,Steven Spielberg,2456,TEB,VNY,2328,15602,15644,25
2022-05-26,Oprah Winfrey,101,OGG,HNL,167,1117,1120,2
2022-05-25,Oprah Winfrey,2412,SBA,OGG,2364,15841,15883,25
2022-05-25,Kenny Chesney,439,BNA,CHS,344,2307,2314,4
2022-05-25,Mark Wahlberg,668,LTN,NCE,745,4992,5005,8
2022-05-25,Floyd Mayweather,3641,RTM,TEE,4001,26812,27124,42
2022-05-25,Magic Johnson,2286,VNY,IAD,2525,16925,17122,27
2022-05-24,Taylor Swift,266,ALN,BNA,255,1709,1729,3
2022-05-24,Kim Kardashian,35,VNY,KCMA,100,669,677,1
2022-05-23,Tiger Wood,2315,VNY,SUA,2041,13677,13836,22
2022-05-23,Blake Shelton,63,TE68,DAL,170,1141,1154,2
2022-05-23,Steven Spielberg,3634,LBG,TEB,3536,23695,23971,37
2022-05-22,Tiger Wood,1283,TUL,VNY,1261,8454,8552,13
2022-05-22,Kenny Chesney,203,FTY,BNA,234,1566,1584,2
2022-05-22,Taylor Swift,266,BNA,ALN,259,1734,1754,3
2022-05-21,Steven Spielberg,224,RTM,LBG,447,2997,3032,5
2022-05-20,Steven Spielberg,224,LBG,RTM,320,2146,2171,3
2022-05-20,Oprah Winfrey,1784,DPA,SBA,1913,12818,12967,20
2022-05-20,Kenny Chesney,303,GUF,FTY,273,1831,1844,3
2022-05-20,Oprah Winfrey,594,PDK,DPA,673,4514,4546,7
2022-05-19,A-Rod,199,TPA,OPF,278,1860,1874,3
2022-05-19,Taylor Swift,1790,BNA,BUR,1347,9028,9093,14
2022-05-19,Steven Spielberg,3634,TEB,LBG,3104,20802,20951,33
2022-05-19,Kenny Chesney,406,BNA,GUF,357,2395,2412,4
2022-05-19,Taylor Swift,738,MMU,BNA,604,4051,4080,6
2022-05-19,Puma/Jay-Z,35,TEB,FRG,145,970,973,2
2022-05-19,Blake Shelton,598,BNA,ADM,677,4539,4551,7
2022-05-19,Puma/Jay-Z,2439,SNA,TEB,2055,13770,13807,22
2022-05-19,Mark Wahlberg,1314,MOT,VNY,1302,8725,8748,14
2022-05-18,Steven Spielberg,2456,VNY,TEB,2117,14185,14223,22
2022-05-18,A-Rod,199,OPF,TPA,307,2059,2062,3
2022-05-18,Oprah Winfrey,594,DPA,PDK,608,4077,4082,6
2022-05-17,Oprah Winfrey,1784,SBA,DPA,1571,10532,10544,17
2022-05-17,Taylor Swift,738,BNA,MMU,652,4368,4373,7
2022-05-17,Taylor Swift,612,TPA,BNA,507,3399,3403,5
2022-05-17,Taylor Swift,612,BNA,TPA,467,3129,3132,5
2022-05-17,Oprah Winfrey,455,PHX,SBA,509,3409,3408,5
2022-05-16,Blake Shelton,779,HPN,BNA,988,6624,6622,10
2022-05-16,Puma/Jay-Z,2439,TEB,SNA,2262,15157,15152,24
2022-05-16,A-Rod,953,HOU,OPF,924,6192,6181,10
2022-05-16,Taylor Swift,738,MMU,BNA,621,4159,4151,7
2022-05-16,Taylor Swift,756,AUS,BNA,565,3785,3779,6
2022-05-16,Taylor Swift,1494,AUS,MMU,1158,7760,7746,12
2022-05-16,A-Rod,1020,PHX,HOU,973,6522,6510,10
2022-05-16,Taylor Swift,756,BNA,AUS,636,4259,4251,7
2022-05-16,Steven Spielberg,2531,FOK,VNY,2485,16654,16624,26
2022-05-15,A-Rod,255,LAS,PHX,308,2067,2063,3
2022-05-15,Blake Shelton,1355,ADM,HPN,1470,9850,9833,16
2022-05-15,Taylor Swift,756,BNA,AUS,597,4003,3995,6
2022-05-15,Tiger Wood,1110,SUA,TUL,1037,6948,6936,11
2022-05-15,Kenny Chesney,475,MKE,BNA,440,2947,2941,5
2022-05-14,Taylor Swift,738,MMU,BNA,622,4167,4159,7
2022-05-14,Taylor Swift,3490,STN,MMU,2648,17746,17714,28
2022-05-14,Harrison Ford,1213,FTW,HHR,729,4883,4874,8
2022-05-13,A-Rod,2171,OPF,LAS,2297,15397,15369,24
2022-05-13,Blake Shelton,1227,VNY,ADM,1140,7639,7626,12
2022-05-13,Kenny Chesney,475,BNA,MKE,412,2762,2757,4
2022-05-13,Mark Wahlberg,236,LBG,LTN,455,3047,3041,5
2022-05-12,A-Rod,55,PBI,OPF,242,1620,1614,3
2022-05-12,Mark Wahlberg,236,LTN,LBG,442,2963,2953,5
2022-05-12,Dan Bilzerian,229,VNY,LAS,298,1994,1982,3
2022-05-11,Magic Johnson,1746,MDW,VNY,2272,15230,15135,24
2022-05-11,Puma/Jay-Z,2456,VNY,TEB,2013,13491,13185,21
2022-05-10,Harrison Ford,791,TYS,FTY,472,3160,3088,5
2022-05-10,Steven Spielberg,75,TEB,FOK,240,1611,1574,3
2022-05-10,Dan Bilzerian,229,LAS,VNY,384,2575,2516,4
2022-05-10,Dan Bilzerian,1943,YYZ,LAS,2097,14057,13633,22
2022-05-09,Taylor Swift,4198,BNA,STN,2873,19257,18677,30
2022-05-09,Taylor Swift,612,TPA,BNA,477,3198,3102,5
2022-05-09,Taylor Swift,612,BNA,TPA,466,3124,3030,5
2022-05-08,Floyd Mayweather,3173,GMZ,GMZ,18,123,119,0
2022-05-07,Taylor Swift,779,HPN,BNA,691,4633,4494,7
2022-05-07,Tiger Wood,174,PBI,TPA,269,1805,1750,3
2022-05-07,Floyd Mayweather,2232,LAS,TEB,2038,13657,13245,22
2022-05-07,Taylor Swift,1032,TPA,HPN,836,5605,5436,9
2022-05-07,Tiger Wood,35,SUA,PBI,116,775,752,1
2022-05-07,Taylor Swift,612,BNA,TPA,486,3257,3159,5
2022-05-06,Jack Nicklaus,2613,OAK,HVN,2109,14134,13708,22
2022-05-06,Puma/Jay-Z,1139,OPF,AUA,1007,6746,6542,11
2022-05-06,Floyd Mayweather,229,VNY,LAS,348,2329,2248,4
2022-05-06,Magic Johnson,1836,APC,MDW,2065,13837,13358,22
2022-05-05,Kenny Chesney,281,BNA,BNA,12,82,79,0
2022-05-05,Puma/Jay-Z,799,BNA,OPF,739,4953,4759,8
2022-05-04,Puma/Jay-Z,942,BOS,BNA,989,6631,6371,10
2022-05-04,A-Rod,1090,TEB,OPF,1201,8048,7733,13
2022-05-04,Steven Spielberg,2456,TEB,VNY,2421,16229,15594,26
2022-05-04,Taylor Swift,612,BNA,TPA,475,3185,3061,5
2022-05-04,Kim Kardashian,943,TEB,ORL,1024,6862,6593,11
2022-05-04,Puma/Jay-Z,571,MDE,AUA,607,4071,3857,6
2022-05-03,Magic Johnson,126,SAN,VNY,303,2032,1925,3
2022-05-03,Kenny Chesney,433,BTL,BNA,365,2446,2318,4
2022-05-03,Magic Johnson,1129,SAT,SAN,1575,10558,10004,17
2022-05-03,Taylor Swift,814,HCC,BNA,652,4368,4139,7
2022-05-03,Taylor Swift,300,BGR,HCC,267,1790,1696,3
2022-05-03,Floyd Mayweather,229,LAS,VNY,330,2212,2096,3
2022-05-03,Taylor Swift,3097,STN,BGR,2263,15164,14368,24
2022-05-03,Taylor Swift,3473,TEB,STN,2324,15575,14687,25
2022-05-03,Magic Johnson,1218,VNY,SAT,1320,8847,8343,14
2022-05-02,Taylor Swift,757,BNA,TEB,564,3782,3566,6
2022-05-02,Kim Kardashian,943,ORL,TEB,990,6634,6256,10
2022-05-01,Kim Kardashian,943,TEB,ORL,985,6603,6227,10
2022-05-01,A-Rod,1090,OPF,TEB,1215,8144,7680,13
2022-05-01,Tiger Wood,2136,LAS,SUA,1781,11933,11253,19
2022-05-01,Kenny Chesney,433,BNA,BTL,325,2179,2055,3
2022-05-01,Kenny Chesney,329,CLT,BNA,322,2157,2034,3
2022-05-01,Kim Kardashian,223,IAD,TEB,449,3010,2839,5
2022-05-01,Blake Shelton,2473,VNY,HPN,2227,14925,14074,24
2022-04-30,Mark Wahlberg,3588,MDT,LTN,3423,22944,21944,36
2022-04-30,A-Rod,1298,MSP,OPF,1530,10257,9672,16
2022-04-30,Kim Kardashian,2286,VNY,IAD,1984,13299,12541,21
2022-04-30,Puma/Jay-Z,134,MDE,BOG,166,1114,1051,2
2022-04-29,Kenny Chesney,1032,AUS,CLT,735,4929,4648,8
2022-04-29,Mark Wahlberg,335,BOS,MDT,451,3020,2844,5
2022-04-29,Floyd Mayweather,229,VNY,LAS,349,2338,2201,4
2022-04-29,Mark Wahlberg,3260,LTN,BOS,3153,21133,19897,33
2022-04-29,Blake Shelton,591,PNX,BNA,609,4079,3841,6
2022-04-29,Tiger Wood,1076,TUL,LAS,1119,7500,7061,12
2022-04-29,A-Rod,1494,OPF,MSP,1690,11324,10661,18
2022-04-28,Mark Wahlberg,45,FAB,LTN,199,1333,1255,2
2022-04-28,Kenny Chesney,756,BNA,AUS,650,4356,4101,7
2022-04-28,Tiger Wood,1110,SUA,TUL,1087,7288,6861,11
2022-04-28,Floyd Mayweather,320,SFO,VNY,379,2543,2383,4
2022-04-28,Floyd Mayweather,320,VNY,SFO,407,2728,2556,4
2022-04-27,Floyd Mayweather,377,PHX,VNY,491,3291,3069,5
2022-04-27,A-Rod,854,MEM,OPF,864,5788,5397,9
2022-04-27,Floyd Mayweather,377,VNY,PHX,530,3552,3313,6
2022-04-26,A-Rod,854,OPF,MEM,912,6116,5703,10
2022-04-26,Steven Spielberg,1250,DAL,VNY,1302,8729,8140,14
2022-04-25,Magic Johnson,1746,VNY,MDW,1887,12645,11774,20
2022-04-25,Kenny Chesney,849,EYW,BNA,694,4652,4331,7
2022-04-25,Puma/Jay-Z,540,TEB,CLT,554,3711,3455,6
2022-04-25,Blake Shelton,1798,BNA,VNY,2012,13484,12554,21
2022-04-25,Puma/Jay-Z,1090,OPF,TEB,1464,9809,9132,15
2022-04-24,A-Rod,1494,MSP,OPF,1487,9968,9281,16
2022-04-24,Puma/Jay-Z,1090,TEB,OPF,1071,7180,6685,11
2022-04-24,Puma/Jay-Z,1090,OPF,TEB,1165,7810,7271,12
2022-04-24,Kim Kardashian,750,ORL,IAD,829,5558,5175,9
2022-04-23,Harrison Ford,1945,TYS,HHR,1165,7808,7270,12
2022-04-23,Puma/Jay-Z,1048,SJU,OPF,1028,6891,6426,11
2022-04-22,Harrison Ford,756,ICT,TYS,399,2674,2484,4
2022-04-22,Puma/Jay-Z,1054,BCT,SJU,914,6129,5716,10
2022-04-22,Kenny Chesney,190,FXE,TPA,194,1298,1210,2
2022-04-22,Puma/Jay-Z,1056,TEB,BCT,967,6484,6047,10
2022-04-22,Kenny Chesney,190,TPA,FXE,243,1626,1517,3
2022-04-22,Floyd Mayweather,229,LAS,VNY,373,2499,2330,4
2022-04-22,Floyd Mayweather,367,SLC,LAS,526,3529,3280,6
2022-04-22,Floyd Mayweather,373,HSH,SLC,405,2711,2520,4
2022-04-22,Floyd Mayweather,226,VNY,HSH,305,2041,1897,3
2022-04-21,A-Rod,1494,OPF,MSP,1661,11133,10349,18
2022-04-21,Puma/Jay-Z,190,BOS,TEB,410,2746,2552,4
2022-04-21,Magic Johnson,2218,ISM,VNY,2897,19414,18134,31
2022-04-20,Floyd Mayweather,229,LAS,VNY,365,2444,2283,4
2022-04-20,Puma/Jay-Z,2607,VNY,BOS,2057,13784,12875,22
2022-04-20,Floyd Mayweather,255,PHX,LAS,356,2388,2234,4
2022-04-20,Magic Johnson,2218,VNY,ISM,2321,15552,14550,24
2022-04-20,Floyd Mayweather,255,LAS,PHX,374,2508,2346,4
2022-04-19,Kenny Chesney,612,BNA,TPA,487,3266,3055,5
2022-04-19,Blake Shelton,1227,VNY,ADM,1097,7350,6876,12
2022-04-19,Floyd Mayweather,229,VNY,LAS,326,2183,2043,3
2022-04-19,Floyd Mayweather,320,SFO,VNY,396,2655,2468,4
2022-04-19,Taylor Swift,1587,LAS,BNA,1017,6818,6338,11
2022-04-19,Puma/Jay-Z,2607,BOS,VNY,2495,16721,15543,26
2022-04-19,Floyd Mayweather,320,VNY,SFO,447,2996,2785,5
2022-04-19,Floyd Mayweather,229,LAS,VNY,331,2220,2064,3
2022-04-18,Harrison Ford,1199,HHR,ICT,583,3909,3633,6
2022-04-18,Tiger Wood,1933,FLG,SUA,1500,10055,9347,16
2022-04-18,Taylor Swift,223,BUR,LAS,253,1694,1575,3
2022-04-18,Taylor Swift,1790,BNA,BUR,1520,10186,9469,16
2022-04-18,Floyd Mayweather,2232,TEB,LAS,2433,16308,15159,26
2022-04-18,A-Rod,1090,TEB,OPF,1156,7746,7201,12
2022-04-18,Tiger Wood,44,VLE,FLG,122,819,761,1
2022-04-18,Taylor Swift,280,SUS,BNA,285,1911,1777,3
2022-04-17,Taylor Swift,280,BNA,SUS,302,2027,1884,3
2022-04-17,Tiger Wood,78,PGA,TBC,61,411,382,1
2022-04-17,Floyd Mayweather,92,PHL,TEB,201,1348,1253,2
2022-04-17,A-Rod,955,MEM,TEB,976,6541,6081,10
2022-04-16,Floyd Mayweather,92,TEB,PHL,194,1303,1211,2
2022-04-16,Taylor Swift,280,SUS,BNA,257,1725,1603,3
2022-04-16,Taylor Swift,280,BNA,SUS,289,1935,1799,3
2022-04-16,A-Rod,955,TEB,MEM,1183,7931,7372,12
2022-04-16,Puma/Jay-Z,2607,VNY,BOS,1896,12705,11848,20
2022-04-15,Tiger Wood,1722,SUA,RAP,1824,12226,11401,19
2022-04-15,A-Rod,500,YIP,TEB,551,3693,3416,6
2022-04-15,Floyd Mayweather,1090,OPF,TEB,1156,7751,7170,12
2022-04-14,A-Rod,1141,OPF,YIP,1255,8408,7778,13
2022-04-14,Magic Johnson,2456,TEB,VNY,3206,21490,19880,34
2022-04-14,Puma/Jay-Z,1948,ATL,VNY,2041,13681,12554,22
2022-04-13,Puma/Jay-Z,757,TEB,ATL,782,5241,4809,8
2022-04-13,Mark Wahlberg,4200,FAB,FSD,4063,27230,24987,43
2022-04-13,A-Rod,1494,MSP,OPF,1440,9652,8857,15
2022-04-13,Puma/Jay-Z,191,CGE,TEB,260,1743,1589,3
2022-04-12,Puma/Jay-Z,188,JFK,CGE,287,1924,1754,3
2022-04-12,Puma/Jay-Z,21,TEB,JFK,222,1485,1354,2
2022-04-11,Kenny Chesney,259,GMU,BNA,285,1911,1737,3
2022-04-11,Kenny Chesney,259,BNA,GMU,234,1568,1425,2
2022-04-11,Taylor Swift,280,SUS,BNA,242,1623,1473,3
2022-04-10,Taylor Swift,1143,SLC,SUS,721,4832,4383,8
2022-04-10,Tiger Wood,439,AGS,SUA,429,2878,2611,5
2022-04-10,Taylor Swift,573,BUR,SLC,482,3230,2930,5
2022-04-10,Mark Wahlberg,5442,VNY,FAB,4930,33039,29973,52
2022-04-10,Tiger Wood,474,PBI,AGS,530,3551,3221,6
2022-04-09,Tiger Wood,35,SUA,PBI,129,868,787,1
2022-04-09,Blake Shelton,45,ADM,PNX,102,686,622,1
2022-04-09,Mark Wahlberg,377,PHX,VNY,485,3249,2948,5
2022-04-09,Dan Bilzerian,109,OPF,FPR,264,1772,1607,3
2022-04-08,Dan Bilzerian,1135,AFW,OPF,1050,7034,6381,11
2022-04-08,Taylor Swift,1143,SUS,SLC,892,5980,5425,9
2022-04-08,Harrison Ford,1238,AUS,HHR,730,4890,4436,8
2022-04-08,Dan Bilzerian,1038,LAS,AFW,973,6524,5918,10
2022-04-08,Mark Wahlberg,2138,TEB,PHX,2099,14065,12759,22
2022-04-08,Taylor Swift,280,BNA,SUS,291,1953,1772,3
2022-04-08,A-Rod,1009,MSP,TEB,1016,6812,6190,11
2022-04-08,Magic Johnson,348,APC,VNY,500,3348,3043,5
2022-04-08,Magic Johnson,2584,MIA,APC,3417,22898,20807,36
2022-04-07,Drake,354,RDU,BQK,1791,12001,10905,19
2022-04-07,Harrison Ford,182,FTW,AUS,150,1005,914,2
2022-04-07,Drake,507,YHM,RDU,2376,15927,14472,25
2022-04-07,Mark Wahlberg,92,PHL,TEB,203,1357,1223,2
2022-04-06,Puma/Jay-Z,3976,TEB,NUE,3243,21734,19457,34
2022-04-06,Drake,1245,IAH,YHM,4109,27541,24656,43
2022-04-06,Mark Wahlberg,280,BOS,PHL,503,3370,3017,5
2022-04-05,Mark Wahlberg,2023,HLN,BOS,1795,12033,10700,19
2022-04-05,A-Rod,1009,TEB,MSP,1127,7554,6717,12
2022-04-04,Taylor Swift,612,TPA,BNA,513,3440,3060,5
2022-04-04,Jim Carrey,1251,BOS,OPF,1330,8913,7926,14
2022-04-04,Taylor Swift,4433,TPA,STN,3070,20577,18299,32
2022-04-03,Tiger Wood,439,AGS,SUA,430,2882,2563,5
2022-04-03,Blake Shelton,126,VNY,SAN,222,1486,1321,2
2022-04-02,A-Rod,672,OPF,NEW,897,6009,5343,9
2022-04-02,Oprah Winfrey,455,SBA,PHX,534,3577,3175,6
2022-04-02,Oprah Winfrey,2122,BKL,SBA,1979,13262,11774,21
2022-04-01,Puma/Jay-Z,720,SAV,TEB,749,5020,4456,8
2022-04-01,Floyd Mayweather,2345,VNY,OPF,1951,13075,11608,21
2022-04-01,Floyd Mayweather,229,LAS,VNY,329,2205,1948,3
2022-03-31,Magic Johnson,920,GRR,NEW,1251,8383,7405,13
2022-03-31,Magic Johnson,920,NEW,GRR,1048,7025,6205,11
2022-03-30,Mark Wahlberg,229,VNY,LAS,317,2123,1862,3
2022-03-29,Tiger Wood,439,AGS,SUA,417,2792,2387,4
2022-03-28,Puma/Jay-Z,213,CLT,SAV,292,1960,1667,3
2022-03-28,Kenny Chesney,152,TYS,BNA,185,1243,1057,2
2022-03-28,Kenny Chesney,152,BNA,TYS,160,1074,914,2
2022-03-27,Puma/Jay-Z,491,TEB,DTW,546,3657,3110,6
2022-03-26,Kenny Chesney,152,TYS,BNA,186,1245,1057,2
2022-03-26,Kenny Chesney,152,BNA,TYS,151,1009,857,2
2022-03-25,Puma/Jay-Z,45,TEB,TEB,295,1977,1682,3
2022-03-25,Oprah Winfrey,62,BQK,SAV,139,931,790,1
2022-03-24,Oprah Winfrey,778,DPA,BQK,826,5539,4702,9
2022-03-24,Oprah Winfrey,1784,SBA,DPA,1697,11373,9656,18
2022-03-23,Jim Carrey,320,SFO,VNY,355,2376,2021,4
2022-03-23,Mark Wahlberg,2348,MIA,VNY,2506,16797,14285,26
2022-03-23,Mark Wahlberg,2348,VNY,MIA,2103,14092,11943,22
2022-03-23,Oprah Winfrey,2412,OGG,SBA,2069,13865,11751,22
2022-03-22,A-Rod,1106,DAL,OPF,1092,7316,6157,12
2022-03-21,Jim Carrey,320,VNY,SFO,404,2710,2281,4
2022-03-20,Oprah Winfrey,709,TEX,SBA,736,4930,4149,8
2022-03-20,Steven Spielberg,75,TEB,FOK,239,1600,1346,3
2022-03-19,Kim Kardashian,2345,VNY,OPF,1965,13169,11083,21
2022-03-18,Blake Shelton,1227,VNY,ADM,1127,7552,6355,12
2022-03-18,Taylor Swift,738,BNA,MMU,605,4056,3413,6
2022-03-18,Steven Spielberg,3449,LTN,TEB,3680,24664,20682,39
2022-03-17,Oprah Winfrey,709,SBA,TEX,670,4488,3764,7
2022-03-16,Mark Wahlberg,229,LAS,VNY,393,2633,2184,4
2022-03-16,Steven Spielberg,236,LBG,LTN,413,2766,2295,4
2022-03-14,Jim Carrey,940,VNY,BFI,963,6457,5251,10
2022-03-14,Steven Spielberg,224,RTM,LBG,419,2807,2282,4
2022-03-14,Steven Spielberg,3641,TEB,RTM,2977,19952,16195,31
2022-03-13,Puma/Jay-Z,102,VNY,CLD,189,1264,1026,2
2022-03-13,Puma/Jay-Z,1952,PDK,VNY,1957,13119,10648,21
2022-03-13,Steven Spielberg,2456,VNY,TEB,2069,13868,11256,22
2022-03-13,Mark Wahlberg,229,LAS,VNY,348,2329,1891,4
2022-03-12,Jim Carrey,229,LAS,VNY,322,2157,1751,3
2022-03-12,Puma/Jay-Z,390,FRG,LYH,678,4544,3688,7
2022-03-12,Tiger Wood,104,MCO,SRQ,237,1585,1287,2
2022-03-12,Tiger Wood,109,SUA,MCO,268,1794,1456,3
2022-03-12,Puma/Jay-Z,168,BOS,FRG,344,2307,1866,4
2022-03-11,Jim Carrey,229,VNY,LAS,325,2176,1760,3
2022-03-10,Taylor Swift,738,MMU,BNA,759,5084,4111,8
2022-03-10,Tiger Wood,203,UST,SUA,291,1948,1552,3
2022-03-09,Puma/Jay-Z,220,JAX,SRQ,350,2346,1869,4
2022-03-09,Tiger Wood,203,SUA,UST,303,2029,1617,3
2022-03-09,Steven Spielberg,2456,VNY,TEB,2000,13404,10680,21
2022-03-09,Puma/Jay-Z,327,OPF,JAX,398,2668,2125,4
2022-03-08,Taylor Swift,738,BNA,MMU,530,3549,2759,6
2022-03-08,Jim Carrey,2348,FLL,VNY,2394,16045,12425,25
2022-03-08,Puma/Jay-Z,1251,BOS,OPF,1354,9075,7027,14
2022-03-07,Puma/Jay-Z,190,TEB,BOS,331,2216,1716,3
2022-03-07,Tiger Wood,35,PBI,SUA,138,926,717,1
2022-03-07,Oprah Winfrey,2485,VNY,OGG,2524,16919,13102,27
2022-03-06,Jim Carrey,708,TYS,FLL,731,4900,3795,8
2022-03-06,Oprah Winfrey,79,SBA,VNY,192,1284,994,2
2022-03-06,Mark Wahlberg,1442,DSM,VNY,1547,10370,8030,16
2022-03-06,Steven Spielberg,940,BFI,VNY,897,6012,4656,9
2022-03-05,Mark Wahlberg,624,DAL,DSM,661,4432,3432,7
2022-03-04,Jim Carrey,1950,VNY,TYS,1573,10543,8148,17
2022-03-04,Steven Spielberg,940,VNY,BFI,956,6410,4954,10
2022-03-04,Mark Wahlberg,793,MDW,DAL,879,5892,4563,9
2022-03-03,Oprah Winfrey,455,PHX,SBA,501,3359,2601,5
2022-03-03,Mark Wahlberg,1182,MIA,MDW,1357,9095,7002,14
2022-03-02,Jim Carrey,250,MRY,VNY,318,2129,1639,3